date,balanced_return,benchmark_return,cash_return,w_equity,w_rates,w_gold
2000-01-31,-0.007556331438389642,-0.0025012828777895907,0.0048,0.6937045248743284,0.22942749115918865,0.07686798396648292
2000-02-29,0.03211360988479938,0.029838042697833616,0.004816666666666667,0.7030757467432388,0.21892841870277802,0.07799583455398318
2000-03-31,0.006152150713301543,0.004760166817982574,0.0049,0.6543022153865925,0.2576701823458199,0.08802760226758775
2000-04-30,-0.01908629416477369,-0.01759601487534667,0.00485,0.658592987976938,0.2547158270705726,0.08669118495248944
2000-05-31,0.03334105305968741,0.03343423806657285,0.004691666666666666,0.6440835508163043,0.26598105876278216,0.08993539042091366
2000-06-30,0.003192659199912146,0.0028271309436994777,0.0049,0.6226204909465544,0.2831285322209275,0.09425097683251822
2000-07-31,0.014973911681219958,0.015580690652154365,0.005225,0.644115217603545,0.2667447207980094,0.08914006159844573
2000-08-31,-0.007741232170785115,-0.007594051402157161,0.005258333333333333,0.6240714166566365,0.2820226169303684,0.0939059664129952
2000-09-30,-0.035025011764106474,-0.031970926897400206,0.0051916666666666665,0.6618321466608214,0.25239721909820967,0.08577063424096901
2000-10-31,0.0043908469047187915,0.006354134858797379,0.005316666666666667,0.6583962131424895,0.25552022624727433,0.08608356061023613
2000-11-30,-0.008661734429089752,-0.006973632803902294,0.005175,0.6263979654841969,0.2800576138119852,0.09354442070381806
2000-12-31,-0.0013016079759154936,-0.0010116135119921793,0.004908333333333333,0.5811636536109802,0.31419735087510164,0.10463899551391831
2001-01-31,-0.0007166808241216763,-0.0034086210567397073,0.004158333333333333,0.5387980312305716,0.34830369990217824,0.11289826886725013
2001-02-28,-0.0517541237715727,-0.056494351296625035,0.0040416666666666665,0.5437068380515099,0.34229152178006267,0.11400164016842755
2001-03-31,-0.005199219358492943,-0.00434383268055453,0.003583333333333333,0.5580898483454666,0.329026468755727,0.1128836828988064
2001-04-30,0.035582769430786,0.04255937094561937,0.0032916666666666667,0.4954242731481223,0.3770006567333051,0.12757507011857264
2001-05-31,-0.007803531565546665,-0.011181745388366094,0.003025,0.4878946174684793,0.3849699777479475,0.12713540478357324
2001-06-30,-0.004784826560681053,-0.0070515641836416424,0.0030416666666666665,0.5485381330595859,0.33530550336256715,0.11615636357784691
2001-07-31,0.0010225555517555931,-0.0023793853863675373,0.00295,0.5224379215325721,0.3558457815956856,0.12171629687174237
2001-08-31,-0.03759449924231321,-0.05220090209429937,0.0028083333333333333,0.5022757450957125,0.3729459644086465,0.12477829049564094
2001-09-30,0.020725220459516556,0.023254879468809782,0.002,0.49220796395235655,0.3794992650808559,0.12829277096678743
2001-10-31,0.009373624263127541,0.01825694610728446,0.0017083333333333332,0.4914046802099885,0.3814252239569569,0.1271700958330547
2001-11-30,0.0009033565080729168,0.003262615242310024,0.0014833333333333332,0.5160111919300063,0.3572239851821046,0.12676482288788907
2001-12-31,0.0017041438779642351,0.0018916355216659134,0.00145,0.5667807333523428,0.35766036046397937,0.07555890618367772
2002-01-31,-0.008135711873278113,-0.008540102111692208,0.0014666666666666667,0.5769892135293958,0.3494520837218029,0.07355870274880127
2002-02-28,0.015098874507704958,0.0189396687186162,0.0014916666666666665,0.573555357685022,0.35118520488990895,0.07525943742506924
2002-03-31,-0.006659611305834612,-0.00925212136606212,0.0014916666666666665,0.5634801660557684,0.3607424236090177,0.07577741033521383
2002-04-30,-0.010655984001258022,-0.008621554338221413,0.001475,0.6119027138689257,0.3187894418065866,0.06930784432448761
2002-05-31,-0.029449534086119764,-0.030864170251590856,0.00145,0.5729597227288661,0.3103910796358294,0.11664919763530457
2002-06-30,-0.051042058348359516,-0.058550415105495635,0.0014166666666666668,0.5615208246814386,0.3654104790255632,0.07306869629299828
2002-07-31,0.021587073546422565,0.02018730208625365,0.001425,0.5497843764774047,0.37545046476068183,0.07476515876191349
2002-08-31,-0.0022396080482685477,-0.010891815598935033,0.0014083333333333333,0.5045872189487627,0.3676438414481921,0.1277689396030452
2002-09-30,-0.01769329844307377,-0.016955804304971244,0.0013083333333333334,0.5124821768573629,0.35608412400599254,0.13143369913664468
2002-10-31,0.028914677087881195,0.03408976595431973,0.0012,0.531223486422519,0.3382391978345804,0.1305373157429006
2002-11-30,0.019833814767910324,0.013734611130701138,0.0010166666666666666,0.5080775481062719,0.35709318042041577,0.13482927147331228
2002-12-31,0.002905612167505958,0.0012405769360471898,0.0010166666666666666,0.5156206898257439,0.3493535146725474,0.13502579550170876
2003-01-31,-0.029843756119175637,-0.03544951244330564,0.0009833333333333332,0.5041987568602099,0.3569774363406734,0.13882380679911677
2003-02-28,-0.0008714468556460632,0.002122552714522175,0.001,0.5037403575888063,0.3604072645269811,0.13585237788421256
2003-03-31,0.02646987284901563,0.031752155765136514,0.0009499999999999999,0.4989914385080849,0.3671504208469903,0.1338581406449248
2003-04-30,0.053761530598380916,0.05351547155152908,0.0009416666666666666,0.4857690158712006,0.37882355211776414,0.13540743201103533
2003-05-31,0.02014833582873733,0.02660669359761491,0.000925,0.5209860153030056,0.34628650374617564,0.13272748095081874
2003-06-30,-0.01854347940994507,-0.017054013245653032,0.0007500000000000001,0.5518618064790194,0.32333324823620646,0.12480494528477414
2003-07-31,0.008181575103167114,0.0072003044133123395,0.0007999999999999999,0.5908889359303429,0.29160728485805737,0.11750377921159981
2003-08-31,0.0353142033283598,0.03604476714332717,0.0008166666666666666,0.6515574202497342,0.24549931724187435,0.10294326250839152
2003-09-30,0.005750720388683273,0.0034572610756178675,0.0007916666666666666,0.6448450903044498,0.2505963674606337,0.10455854223491655
2003-10-31,0.012168803639037837,0.011412295872056544,0.0007999999999999999,0.7015037175455834,0.20634428548655848,0.09215199696785809
2003-11-30,0.028033813793206283,0.02593092320554643,0.0007750000000000001,0.7208249540934614,0.1927526915497669,0.08642235435677181
2003-12-31,0.033834216683659976,0.029713688538256792,0.0007916666666666666,0.7010802704420522,0.20661018498392666,0.09230954457402113
2004-01-31,0.010655031152604123,0.011142335180857178,0.0007666666666666667,0.7335119912181892,0.18109969709747292,0.0853883116843379
2004-02-29,-0.0025843157570085975,0.002177968053472968,0.0007999999999999999,0.7333712432920664,0.18103944614226702,0.08558931056566654
2004-03-31,-0.008528261325326705,-0.018420558394091124,0.0007916666666666666,0.75,0.16126267301246316,0.08873732698753686
2004-04-30,-0.01916541791070434,-0.016148879623681743,0.0008166666666666666,0.7499925539893341,0.16593774404325765,0.08406970196740823
2004-05-31,0.023393812871069192,0.020144946121025006,0.0009000000000000001,0.749997480238314,0.1669571306916772,0.08304538907000884
2004-06-30,-0.014968247454541523,-0.010150353835956305,0.0011083333333333333,0.7468624798741165,0.1725933045880291,0.0805442155378544
2004-07-31,-0.0006195345657919564,0.006434722780685497,0.0012083333333333332,0.7420830769800625,0.18002717826555123,0.0778897447543863
2004-08-31,0.022274968332266686,0.019664678438112076,0.001325,0.7123446427788577,0.20145112196327838,0.08620423525786394
2004-09-30,0.0053788733291550315,0.006470235470182779,0.001425,0.6987887284135591,0.21062148087062088,0.09058979071582006
2004-10-31,0.03409246932962112,0.02843367807453409,0.0015916666666666666,0.6902767066757105,0.2181585779930957,0.09156471533119387
2004-11-30,0.01796848669263001,0.016761260067398556,0.0018583333333333334,0.6752133340775369,0.22807629166770838,0.09671037425475466
2004-12-31,-0.009296428652820014,-0.007383558159642069,0.00185,0.6941352310902005,0.21659080338256978,0.08927396552722963
2005-01-31,0.010928248475828807,0.008828888718790331,0.0020916666666666666,0.6824830489984045,0.22966640962246299,0.08785054137913262
2005-02-28,-0.005068821312632955,-0.005671426987496119,0.0023,0.6814013262084854,0.23010732931104055,0.08849134448047417
2005-03-31,-0.006627676318896718,-0.003861896451732733,0.0023250000000000002,0.653186158065485,0.24814946012079855,0.09866438181371646
2005-04-30,0.00943363395017837,0.009666829818625662,0.0024166666666666664,0.6626428411718449,0.24099691470161042,0.09636024412654473
2005-05-31,0.021831150865061644,0.021201001478553364,0.0024916666666666668,0.6327907729220565,0.2632071860206311,0.10400204105731242
2005-06-30,0.004342728069436176,0.0014381715927282335,0.0026083333333333336,0.6667542169876228,0.23700757588756946,0.09623820712480768
2005-07-31,0.009335063827399787,0.010687206950225667,0.00285,0.6623338484384176,0.24022580439769575,0.09744034716388683
2005-08-31,0.005079332164205997,0.0038861898719432172,0.0029333333333333334,0.7003382745889702,0.21259377042859284,0.08706795498243705
2005-09-30,-0.022316962955507596,-0.020929248705509888,0.002958333333333333,0.7197443434737288,0.1969774911353306,0.08327816539094064
2005-10-31,0.034241673366274275,0.032330081360168815,0.003316666666666667,0.6854864230047599,0.22824829269160166,0.08626528430363842
2005-11-30,0.019933343278302734,0.020149969716672357,0.0032916666666666667,0.6893738652855222,0.25699776263617624,0.05362837207830162
2005-12-31,0.013941198859755824,0.017315267770547944,0.0034000000000000002,0.6875650563383031,0.258601356246563,0.053833587415133964
2006-01-31,-0.0017021563189684678,-0.0015952265853491346,0.0037249999999999996,0.6510745178300953,0.24880316821744375,0.10012231395246105
2006-02-28,0.006952190523309296,0.006940717634563433,0.0038499999999999997,0.6778791021216589,0.26421042056564714,0.057910477312694046
2006-03-31,0.012376616598248562,0.011422516398685868,0.0038583333333333334,0.6614807069735046,0.24182197590708546,0.09669731711941007
2006-04-30,-0.0039023839951646882,-0.003212939539360451,0.003974999999999999,0.6779315198499885,0.22874940153542417,0.09331907861458742
2006-05-31,-0.023779402421495153,-0.021668755487584575,0.004050000000000001,0.718721652896073,0.2019470553756347,0.07933129172829226
2006-06-30,0.011669430369361605,0.0128495001155147,0.004175,0.6920811322968569,0.22363564536992744,0.08428322233321575
2006-07-31,0.02004114637253127,0.02001142046160226,0.0042499999999999994,0.6291883942916154,0.2733204632815494,0.09749114242683524
2006-08-31,0.015396323209951731,0.01510507592257081,0.004208333333333333,0.62441899638042,0.2750791141536723,0.10050188946590766
2006-09-30,0.02582425671017145,0.024456972868251218,0.004075,0.6458938997624067,0.2580027689012164,0.09610333133637693
2006-10-31,0.023893378271797817,0.024207861535712014,0.004233333333333333,0.6604857295312742,0.24927432329313037,0.09023994717559543
2006-11-30,0.010708659647493601,0.005470032250200492,0.004191666666666667,0.7306560650961615,0.19170723218556565,0.07763670271827278
2006-12-31,0.0062339584028765615,0.005323403714463588,0.004183333333333333,0.7219090597840961,0.19845195692118264,0.07963898329472116
2007-01-31,0.018803267502865505,0.019894224426026726,0.004266666666666667,0.7126486779284021,0.2088930628288103,0.07845825924278776
2007-02-28,-0.018670509869067545,-0.016242303337965072,0.0043,0.7172572709865269,0.20282592639542726,0.07991680261804586
2007-03-31,0.033525166214009576,0.029152694862964613,0.0042,0.7304004400003427,0.19089802658420665,0.07870153341545073
2007-04-30,0.01631744272528747,0.012100483586539437,0.004091666666666667,0.6778196967999753,0.23252841408563313,0.08965188911439162
2007-05-31,-8.078118105714783e-05,-0.0011838033286588005,0.003941666666666667,0.6947970427676802,0.22054057846871725,0.08466237876360254
2007-06-30,0.010971891948762753,0.013521978051087903,0.004016666666666667,0.7337446547836418,0.18883583750339403,0.07741950771296421
2007-07-31,-0.02607518518697193,-0.016784268427153994,0.0041333333333333335,0.7475449355407964,0.18482383621215598,0.06763122824704777
2007-08-31,0.031378018082346235,0.028955827759958253,0.0033416666666666664,0.7497579563386366,0.17165910701953072,0.07858293664183268
2007-09-30,0.02940611012555379,0.028259645412327665,0.003183333333333333,0.6959652064664885,0.21366751813054974,0.09036727540296169
2007-10-31,-0.022909817087448946,-0.015357121115428148,0.003283333333333333,0.6854041559448363,0.22477694871879703,0.08981889533636678
2007-11-30,0.014076604430092758,0.013111438291597643,0.002625,0.6997566610256736,0.2083856896731561,0.09185764930117031
2007-12-31,-0.02154250929073958,-0.018568869905544245,0.0028,0.6356035623589655,0.25578471759221133,0.1086117200488233
2008-01-31,0.00019425011204434166,0.00031730531598744057,0.0016333333333333332,0.6166281901988789,0.2730218748784106,0.11034993492271056
2008-02-29,-0.018521594657247144,-0.016786160590891504,0.0015416666666666669,0.6319735253338548,0.2561111722523573,0.11191530241378803
2008-03-31,0.008446217943386337,0.01139562182843492,0.00115,0.5719964441050386,0.3025908210647343,0.12541273483022713
2008-04-30,0.010341215932341039,0.01057910256510091,0.0011916666666666666,0.5761557715458614,0.3008358973079105,0.12300833114622801
2008-05-31,-0.015540573526143343,-0.017673635918625873,0.001575,0.5762471109998056,0.3017035021534764,0.12204938684671794
2008-06-30,-0.03518409557284504,-0.03686045002946677,0.0015833333333333333,0.568145407202157,0.3094478821655707,0.12240671063227242
2008-07-31,0.0051437029526231704,0.008337889520297416,0.0014,0.5490051684782443,0.3236639550849473,0.12733087643680854
2008-08-31,-0.016873668049912482,-0.022579083797151213,0.0014333333333333333,0.5237848462992977,0.3450309220094255,0.13118423169127685
2008-09-30,-0.13618224720277777,-0.14184705282496804,0.0007666666666666667,0.550460901591324,0.32604709919430624,0.12349199921436972
2008-10-31,0.01345407720981175,-0.012109801728397446,0.00038333333333333334,0.4726144615086911,0.30511937499659053,0.22226616349471837
2008-11-30,0.029912194085747933,0.02213230200548337,8.333333333333334e-06,0.49314592505173416,0.293857724144942,0.21299635080332394
2008-12-31,-0.007734526322659629,-0.01671835843772754,9.166666666666667e-05,0.4867584433128933,0.28936179130653017,0.22387976538057658
2009-01-31,-0.02817703047878731,-0.040406192019172595,0.00019999999999999998,0.485103601079116,0.2923682780024344,0.22252812091844962
2009-02-28,-0.02788876259412567,-0.029909683076091733,0.00021666666666666666,0.4827997966989717,0.293738280050527,0.2234619232505013
2009-03-31,0.040021475871090645,0.05870484910627299,0.000175,0.4818833114158785,0.2941995376276056,0.2239171509565159
2009-04-30,0.03792421551814777,0.042714101229446994,0.00011666666666666668,0.5489126092109878,0.3528416404610684,0.09824575032794376
2009-05-31,0.003699963065857242,0.01189898013039473,0.00011666666666666668,0.48930554328515724,0.2886073194821447,0.22208713723269807
2009-06-30,0.0084941312117174,0.00890332374530123,0.00015833333333333332,0.5516678068051754,0.3538770362987698,0.09445515689605491
2009-07-31,0.05019278467099494,0.05408450657239106,0.00015,0.5408870977369079,0.33678129573527715,0.12233160652781504
2009-08-31,0.028233088751635382,0.029048133899103098,0.000125,0.5405575417554461,0.3369808653291981,0.12246159291535577
2009-09-30,0.016630547318228613,0.016996002380990683,0.00011666666666666668,0.5514550744962611,0.3272576396834869,0.12128728582025204
2009-10-31,0.03393471823280612,0.03147532823039301,4.1666666666666665e-05,0.5649419440678483,0.31254054557503835,0.12251751035711347
2009-11-30,-0.007734372541490359,-0.009720830030213932,4.9999999999999996e-05,0.6306688251857304,0.25733802718882587,0.11199314762544373
2009-12-31,0.013187299947001673,0.013877607105302801,4.9999999999999996e-05,0.6902061450508186,0.21188968515835585,0.09790416979082557
2010-01-31,-0.016324197739039984,-0.013204572826144116,6.666666666666667e-05,0.6894255586244034,0.21523984343672448,0.09533459793887213
2010-02-28,0.03823425424657148,0.031336732084739416,0.00010833333333333333,0.6919361442832601,0.21174766623012117,0.09631618948661881
2010-03-31,0.03758354122463838,0.03507702773042833,0.00013333333333333334,0.7081441733254515,0.19667073954549086,0.09518508712905759
2010-04-30,-0.034339077053834245,-0.022202780527472446,0.00013333333333333334,0.7302905189203371,0.18011325216095975,0.08959622891870316
2010-05-31,-0.018746057694924944,-0.008718539602801653,0.00013333333333333334,0.7498119990831972,0.16300001068413433,0.08718799023266849
2010-06-30,-0.005799141321184401,-0.005493082681674834,0.00015,0.7424082562236699,0.16739294812424238,0.09019879565208767
2010-07-31,0.021053988790376045,0.02446315159272123,0.000125,0.7008197989966549,0.19921582853191466,0.09996437247143056
2010-08-31,0.027453479148543677,0.024187051055467822,0.00011666666666666668,0.6861026298981024,0.21187448678276344,0.10202288331913416
2010-09-30,0.032257503367945424,0.028592516974705672,0.00013333333333333334,0.663549895143738,0.2269565619201416,0.10949354293612039
2010-10-31,0.01633442324524431,0.013782532338195574,9.999999999999999e-05,0.6570392800746495,0.2335656140502275,0.10939510587512305
2010-11-30,0.01690080624448088,0.012137409117867476,0.00014166666666666668,0.6579153332983266,0.23609868648982496,0.10598598021184835
2010-12-31,0.015108610420513233,0.01303755515962423,9.999999999999999e-05,0.6626183154459188,0.22555888806829455,0.1118227964857868
2011-01-31,0.029078931709325812,0.02619507858138243,0.000125,0.6747485644064164,0.2131986094671327,0.11205282612645087
2011-02-28,-0.005380343620256082,-0.0049882743512430355,0.000125,0.6735680052222462,0.21191586599819312,0.11451612877956076
2011-03-31,0.02573573694947539,0.024826391230039352,7.5e-05,0.7306724064751363,0.16876621968466224,0.10056137384020147
2011-04-30,0.009757524103738037,0.0118443156465384,3.3333333333333335e-05,0.6952740139305008,0.19347485075123955,0.11125113531825957
2011-05-31,-0.02898416636361604,-0.02644369660249832,4.9999999999999996e-05,0.6853004356913422,0.20128455305216955,0.11341501125648819
2011-06-30,0.036237080172639755,0.03681006038171493,2.4999999999999998e-05,0.7489306808252354,0.1563122983627314,0.09475702081203319
2011-07-31,-0.058633475264620295,-0.035222657732307344,8.333333333333333e-05,0.7480614314534972,0.15612480357772024,0.09581376496878258
2011-08-31,-0.010392199413359077,-0.006993303366073953,1.6666666666666667e-05,0.7498934715864264,0.1651164241855786,0.08499010422799509
2011-09-30,0.021341536574682553,0.01844222041119728,1.6666666666666667e-05,0.6422991276457011,0.24806219875251526,0.10963867360178361
2011-10-31,0.015123424009656217,0.014773813667240301,8.333333333333334e-06,0.6341982686642105,0.2496881253385344,0.11611360599725515
2011-11-30,-0.00016145521427278313,0.002319106676127585,8.333333333333334e-06,0.6271276089446107,0.2557512287336554,0.11712116232173381
2011-12-31,0.0476987573193044,0.044547443414708066,1.6666666666666667e-05,0.6263368199916409,0.25803235767602506,0.11563082233233402
2012-01-31,0.024411278634315435,0.023071102833654687,4.9999999999999996e-05,0.6163620319186491,0.26541655830370514,0.11822140977764574
2012-02-29,0.005260403693312981,0.005349816543021541,6.666666666666667e-05,0.613387121970389,0.26867491233268764,0.11793796569692333
2012-03-31,0.005753126220993557,0.006807195072093295,5.833333333333334e-05,0.6225555319476795,0.2630328222113832,0.11441164584093719
2012-04-30,-0.017879991964044,-0.014523457143956928,8.333333333333333e-05,0.6401654987481762,0.25058012677181785,0.109254374480006
2012-05-31,-0.005846726912187357,-0.006001142714543356,5.833333333333334e-05,0.6285974687186292,0.26093263791401056,0.11046989336736017
2012-06-30,0.023595241277576298,0.023424242625500045,7.5e-05,0.6124452128679521,0.27201559922582835,0.11553918790621967
2012-07-31,0.021876417781210484,0.020750579012255608,9.166666666666667e-05,0.6236626792626696,0.26466418339694203,0.11167313734038845
2012-08-31,0.026359081885814997,0.02417469446806491,7.5e-05,0.6212668588123272,0.26151238957127765,0.11722075161639513
2012-09-30,-0.0050274562685394064,-0.005909764256400145,8.333333333333333e-05,0.7426853658145498,0.1771291082936287,0.08018552589182154
2012-10-31,-0.019287242097694984,-0.013685980644911609,9.166666666666667e-05,0.7495594500234322,0.17434777026285406,0.07609277971371378
2012-11-30,0.010758373543723337,0.005308871706872838,6.666666666666667e-05,0.745262429926944,0.17420620661214944,0.08053136346090652
2012-12-31,0.026334569546666194,0.0202763937367825,4.1666666666666665e-05,0.7008164955358391,0.20502220919904623,0.0941612952651146
2013-01-31,0.014468665377529569,0.013172723776087348,5.833333333333334e-05,0.7043907340234536,0.1990440465461084,0.09656521943043803
2013-02-28,0.020493114273607026,0.017878867543441607,9.166666666666667e-05,0.7099103133706274,0.19305977047630477,0.09702991615306787
2013-03-31,0.005236679710618039,0.0054030262493373225,5.833333333333334e-05,0.6964663791249139,0.20333922403128685,0.10019439684379923
2013-04-30,0.019852809706651056,0.011034677067059653,4.1666666666666665e-05,0.7042132977960138,0.20576387366555,0.09002282853843613
2013-05-31,-0.026135819252695026,-0.029870622522495643,3.3333333333333335e-05,0.7174701403671391,0.1968343348069666,0.08569552482589443
2013-06-30,0.029549625323738407,0.028366076535117198,3.3333333333333335e-05,0.75,0.19090743539097202,0.059092564609028016
2013-07-31,0.0035503888055464245,0.003671970442254242,3.3333333333333335e-05,0.75,0.18327343367967072,0.06672656632032929
2013-08-31,0.008239833861020143,0.006507846190161298,2.4999999999999998e-05,0.75,0.18294430872919842,0.06705569127080159
2013-09-30,0.01722056563141901,0.014942374898968333,1.6666666666666667e-05,0.7499989396053088,0.18281177350556663,0.06718928688912465
2013-10-31,0.023015291887596757,0.013844226986845759,3.3333333333333335e-05,0.7499824024142158,0.18485234745402762,0.06516525013175661
2013-11-30,0.004801121800573221,-0.0014236412920730314,4.9999999999999996e-05,0.75,0.1856216923592967,0.06437830764070332
2013-12-31,0.016102460434006753,0.019894607440468316,5.833333333333334e-05,0.75,0.18341011389176176,0.06658988610823827
2014-01-31,0.0036907270143457884,0.006206096981586374,1.6666666666666667e-05,0.75,0.182582632032832,0.06741736796716802
2014-02-28,0.017833827416170362,0.012608362729547651,4.1666666666666665e-05,0.75,0.17575097266745532,0.0742490273325447
2014-03-31,0.0026962253411046706,0.003199162107902281,4.1666666666666665e-05,0.75,0.17969866818781258,0.07030133181218744
2014-04-30,0.01285881929425737,0.011773562490509103,2.4999999999999998e-05,0.75,0.18215076745582554,0.0678492325441745
2014-05-31,0.02820619778737247,0.023701976920096263,3.3333333333333335e-05,0.75,0.16158868765985254,0.08841131234014744
2014-06-30,0.00878257599993862,0.0061101804112296655,3.3333333333333335e-05,0.7499946785350473,0.15476452099485136,0.09524080047010133
2014-07-31,0.00010303041670326427,0.004030581514030512,2.4999999999999998e-05,0.75,0.1479836328297074,0.10201636717029264
2014-08-31,0.006252748200643658,0.001563050915258728,2.4999999999999998e-05,0.75,0.15342823821291512,0.09657176178708486
2014-09-30,-0.021465371790745452,-0.01517512931306384,1.6666666666666667e-05,0.75,0.15257999681881235,0.09742000318118767
2014-10-31,0.04684189970519662,0.040743837893921074,8.333333333333334e-06,0.75,0.1523709157917391,0.09762908420826091
2014-11-30,0.0070231571005708775,0.006612322082170556,1.6666666666666667e-05,0.7491235244627401,0.15955901737477796,0.0913174581624819
2014-12-31,0.002786755466513714,0.01091561643572395,3.3333333333333335e-05,0.7489831386161098,0.15787912764633336,0.09313773373755684
2015-01-31,0.013608208840036098,0.005570923339305988,1.6666666666666667e-05,0.7468747314870773,0.1614892247810746,0.09163604373184805
2015-02-28,0.00026059410035771075,0.00016912084813347673,1.6666666666666667e-05,0.7499652749466738,0.18504210673003188,0.06499261832329437
2015-03-31,0.004804926368090215,0.0024007832106218725,2.4999999999999998e-05,0.7499231219528709,0.18767126779288174,0.06240561025424732
2015-04-30,0.00750830872247597,0.00556418879071159,8.333333333333334e-06,0.7413332805578466,0.16182662348741994,0.09684009595473342
2015-05-31,-0.007651028076097602,-0.009641123375559668,8.333333333333334e-06,0.7496592281150742,0.18720732430495418,0.06313344757997162
2015-06-30,-0.001687558240386522,-0.002259255428482333,8.333333333333334e-06,0.749321916660677,0.18829441584094586,0.062383667498377066
2015-07-31,-0.015781000642961167,-0.010921984242875066,6.666666666666667e-05,0.7429529166121682,0.19576489931031513,0.06128218407751669
2015-08-31,-0.031351423511215865,-0.024550980153427708,6.666666666666667e-05,0.7341833279992616,0.20247804692665705,0.06333862507408136
2015-09-30,0.030721540419133043,0.026319465644583987,0.0,0.70970211834719,0.22321575455081444,0.0670821271019956
2015-10-31,0.012822797734670233,0.00976034788619088,6.666666666666667e-05,0.649595348795381,0.27234333070668804,0.078061320497931
2015-11-30,-0.00861024038420015,-0.007809912471812878,0.00018333333333333334,0.6961528745662867,0.23609347647088566,0.0677536489628275
2015-12-31,-0.033373665837686146,-0.02470462871869186,0.00013333333333333334,0.6857569383741481,0.24531255031619384,0.06893051130965815
2016-01-31,0.008933107326471686,0.013222651798593126,0.000275,0.6706139596402206,0.25729714785108365,0.07208889250869571
2016-02-29,0.04043831615016293,0.03761365088850085,0.000275,0.6425503975671306,0.2451759537046807,0.11227364872818871
2016-03-31,0.020475530410694703,0.020005372570197296,0.000175,0.5758543758480953,0.2952314540892678,0.12891417006263692
2016-04-30,-0.008605555451948289,-0.007406264740528308,0.00018333333333333334,0.6069923859726974,0.2727501876308096,0.12025742639649295
2016-05-31,0.025337948924233484,0.024676176506835228,0.00028333333333333335,0.6166129555584327,0.2661426716252617,0.11724437281630572
2016-06-30,0.0230037786157838,0.02246431290046523,0.00021666666666666666,0.6116269205740457,0.2719916021022019,0.11638147732375231
2016-07-31,0.0022186516146614657,0.002021250798679152,0.00023333333333333336,0.6204648490040436,0.2645849011948268,0.11495024980112954
2016-08-31,-0.0018003896539188536,-0.0017677252731016974,0.000275,0.6365666497847751,0.2524161750229595,0.11101717519226537
2016-09-30,-0.011912294831625552,-0.012617888171573563,0.00024166666666666664,0.658799086715069,0.23525191794355685,0.10594899534137411
2016-10-31,-0.008241677123185746,-0.0132859429577693,0.00028333333333333335,0.6888900307739755,0.21495853732974815,0.09615143189627638
2016-11-30,0.022235254851717477,0.01944479416493727,0.00039999999999999996,0.664089663735613,0.23402841015786147,0.10188192610652569
2016-12-31,0.01607154900417938,0.015059435296442832,0.00042500000000000003,0.6603319230691553,0.2348818829840528,0.10478619394679191
2017-01-31,0.023297107152235604,0.021885871473415218,0.0004333333333333333,0.6914591481763596,0.21078106992645104,0.09775978189718935
2017-02-28,0.010823346080020398,0.009218923795810215,0.00044166666666666665,0.686642749025501,0.20820195921103635,0.10515529176346261
2017-03-31,0.002262845777500403,0.004236328497243118,0.0006333333333333333,0.75,0.15750274595106697,0.09249725404893304
2017-04-30,0.014045395388602984,0.012758151357629149,0.0006666666666666666,0.75,0.15585534308377078,0.09414465691622924
2017-05-31,0.010610756748705985,0.0067897662460582415,0.0008166666666666666,0.7498448157007374,0.16291145243350424,0.08724373186575837
2017-06-30,0.009773879155254616,0.00882641943507906,0.0008583333333333333,0.7499783355132633,0.15715351889433338,0.09286814559240328
2017-07-31,0.007882109624402776,0.010170358218314595,0.0008916666666666668,0.7499881483978215,0.15485511193702445,0.09515673966515409
2017-08-31,0.00786786527819447,0.002936347565915767,0.0008416666666666667,0.7499779676654771,0.15581843847507434,0.0942035938594486
2017-09-30,0.019274324106862546,0.014740853272162024,0.0008833333333333333,0.7499112662557457,0.16026296986205396,0.08982576388220048
2017-10-31,0.012507752237971998,0.009956780912650181,0.0009583333333333333,0.7499965444601171,0.15633872662697337,0.0936647289129096
2017-11-30,0.02308587687200176,0.019321139920771557,0.0010583333333333332,0.75,0.15389732463967687,0.09610267536032316
2017-12-31,0.036835895542580335,0.02587982786871559,0.0011583333333333333,0.75,0.1520460213721435,0.09795397862785646
2018-01-31,-0.025114150338148886,-0.022370685101724876,0.0012166666666666667,0.75,0.1484493857456857,0.1015506142543143
2018-02-28,0.00298644261891696,0.00495768898565916,0.0013750000000000001,0.75,0.1418468311947321,0.10815316880526793
2018-03-31,-0.015567601200206043,-0.015383280176389682,0.0014416666666666666,0.7493159698750042,0.15636971125236143,0.09431431887263446
2018-04-30,0.016155069029775537,0.01502112671057169,0.0015583333333333334,0.7463693399835397,0.1591530567134496,0.09447760330301064
2018-05-31,0.011639629985819227,0.008731919254458856,0.0016083333333333331,0.7342360290609247,0.1691763304225698,0.09658764051650556
2018-06-30,0.0082839639467857,0.005107174425410254,0.0016083333333333331,0.7362549842333505,0.16709600445098727,0.09664901131566234
2018-07-31,0.01853866110486473,0.016558953330163193,0.0016916666666666666,0.7369499658367433,0.16715080215404382,0.09589923200921288
2018-08-31,0.009319970054045484,0.004776540736730516,0.001758333333333333,0.7495804178565404,0.19602123088025986,0.05439835126319969
2018-09-30,-0.02719450814159962,-0.022450241445481262,0.001825,0.7442271213946032,0.1583645117355601,0.09740836686983653
2018-10-31,-0.012547972062172558,-0.007833107639363767,0.0019499999999999997,0.7499465462643725,0.19552429398298482,0.05452915975264277
2018-11-30,-0.030206177665105454,-0.01939380241967032,0.001975,0.7162431480161092,0.22696873342913182,0.056788118554759064
2018-12-31,0.015844026773151946,0.016029236983495457,0.002041666666666667,0.6841637811513002,0.25331531426055837,0.06252090458814134
2019-01-31,0.03407653710346553,0.03273274132067955,0.0020083333333333333,0.6221926512252773,0.30533875548772926,0.07246859328699352
2019-02-28,0.016848834597446107,0.018740282525877124,0.002041666666666667,0.5775096048721247,0.277926337565229,0.14456405756264634
2019-03-31,0.01985501177302498,0.01940086814914321,0.002,0.6131705354911628,0.25309077748428016,0.13373868702455713
2019-04-30,5.473869706416022e-06,0.0019525389847545528,0.0020250000000000003,0.6251792460446006,0.24384911622586083,0.13097163772953865
2019-05-31,0.022964368509113896,0.02131484479816352,0.001958333333333333,0.6578058674667252,0.22018556310767684,0.12200856942559787
2019-06-30,0.026152544802395,0.024299706502685776,0.0017666666666666666,0.6414331213003768,0.23859072806931073,0.11997615063031258
2019-07-31,-0.0005514012228395176,0.0020819450915474146,0.0017333333333333333,0.6407216124153032,0.23878403080102753,0.12049435678366928
2019-08-31,0.013452746495721367,0.011496032554980221,0.0016583333333333335,0.6485136937479848,0.2357085006694876,0.11577780558252761
2019-09-30,0.0024060345383779278,0.001990563765776982,0.0015666666666666665,0.6207727378429493,0.2538983129704364,0.12532894918661439
2019-10-31,0.02215572280545847,0.021400099166622683,0.0012833333333333334,0.6274161351968098,0.24948145300251456,0.12310241180067559
2019-11-30,0.01817027983373672,0.01549884698548172,0.001325,0.6550760469496818,0.22962541264193898,0.11529854040837936
2019-12-31,0.03545796605370162,0.03568100731380014,0.0012916666666666667,0.6947308077301427,0.20029330800524145,0.10497588426461595
2020-01-31,0.007889309480091262,0.012523719477017707,0.0012916666666666667,0.7497895460177928,0.16076453006708344,0.08944592391512385
2020-02-29,-0.13575706880907001,-0.10221686886802016,0.0010583333333333332,0.7498500422820363,0.16070690585145547,0.0894430518665082
2020-03-31,0.038137598223508734,0.03332536104749477,9.166666666666667e-05,0.7497814205248887,0.16494288679981428,0.08527569267529697
2020-04-30,0.03659624649746632,0.03667183108445084,7.5e-05,0.592525572932119,0.2839594737453253,0.12351495332255562
2020-05-31,0.04140955645965515,0.04121572114339962,0.00011666666666666668,0.5947905997716022,0.28207934883313707,0.12313005139526072
2020-06-30,0.03734216533178692,0.034998423163505536,0.00013333333333333334,0.6102181916059423,0.269181378986728,0.12060042940732972
2020-07-31,0.032604038578167585,0.030853133476314284,7.5e-05,0.6213940046070482,0.2600747948003492,0.11853120059260278
2020-08-31,-0.007050379416168445,-0.00628731529276297,9.166666666666667e-05,0.6263058527948285,0.26038596503770733,0.11330818216746426
2020-09-30,0.007203694942289088,0.005540718139727185,8.333333333333333e-05,0.6481620958014223,0.246290625081079,0.1055472791174987
2020-10-31,0.019572492005468824,0.01876708037739866,7.5e-05,0.6380683080251699,0.2537646538603803,0.10816703811444973
2020-11-30,0.033439631603452036,0.03074701293573043,6.666666666666667e-05,0.6448330377899026,0.24928875566922828,0.10587820654086899
2020-12-31,0.013274454182564998,0.011365143062017203,7.5e-05,0.6442857628120284,0.2491838857436949,0.10653035144427676
2021-01-31,0.002958380146594705,0.0005563976454720605,4.9999999999999996e-05,0.6495068981067105,0.24536483085668015,0.10512827103660939
2021-02-28,-0.0034568205101709595,-0.005078213143027361,3.3333333333333335e-05,0.6499266326604398,0.24579685291662498,0.10427651442293512
2021-03-31,0.04685573803119906,0.0436520446068139,2.4999999999999998e-05,0.6557757624976676,0.23515622130196026,0.10906801620037233
2021-04-30,0.014113614041747857,0.014546129361817393,8.333333333333334e-06,0.75,0.15814267239800694,0.09185732760199304
2021-05-31,0.00916424295784191,0.0076790824481022145,8.333333333333334e-06,0.75,0.15649344398682558,0.09350655601317444
2021-06-30,0.029639248651056067,0.027994087820935154,4.1666666666666665e-05,0.75,0.1608000082246545,0.08919999177534549
2021-07-31,0.015608133564917344,0.011626525089889081,4.9999999999999996e-05,0.75,0.15563360615199662,0.09436639384800341
2021-08-31,-0.006737464403040338,-0.009422908938115333,3.3333333333333335e-05,0.75,0.15384518661933633,0.09615481338066369
2021-09-30,0.005128284742358287,0.004174380122267375,3.3333333333333335e-05,0.75,0.150027843379873,0.09997215662012703
2021-10-31,0.039742005427741096,0.034240041000539165,4.1666666666666665e-05,0.75,0.1469525355066907,0.1030474644933093
2021-11-30,0.001523838759662825,9.156921493863615e-05,4.1666666666666665e-05,0.75,0.1532578111071667,0.0967421888928333
2021-12-31,-0.018837735215409303,-0.01904876837882345,4.9999999999999996e-05,0.75,0.1533054017998303,0.09669459820016973
2022-01-31,-0.015332351679606619,-0.01127102878671347,0.00018333333333333334,0.75,0.151172172746534,0.09882782725346606
2022-02-28,-0.011030445941979586,-0.015393634915122918,0.00029166666666666664,0.75,0.1569028349110664,0.09309716508893362
2022-03-31,-0.008868647664376285,-0.014539346752646287,0.0004333333333333333,0.7246386000768591,0.18631900427291676,0.08904239565022415
2022-04-30,-0.05795290412391307,-0.049006227077232734,0.0007083333333333334,0.726051059998775,0.21160387450716192,0.06234506549406323
2022-05-31,-0.02619920130366958,-0.023782295545870337,0.0009666666666666666,0.7023394642614699,0.23173641096973882,0.06592412476879143
2022-06-30,0.008628904281277187,0.008116408158955486,0.0014333333333333333,0.6245765651602795,0.29264883755259846,0.082774597287122
2022-07-31,0.025082004299012837,0.025148773047778288,0.0020083333333333333,0.6012638820594017,0.31021974597041335,0.08851637197018501
2022-08-31,-0.06261430285904598,-0.06256972445944609,0.002466666666666667,0.5865362193849986,0.32285710274776735,0.09060667786723425
2022-09-30,-0.02632446382669447,-0.026281827426485486,0.002775,0.603656055591374,0.3129044617485508,0.08343948266007518
2022-10-31,0.04992820048416419,0.05054825063757406,0.003516666666666666,0.5788327443476821,0.331745778097963,0.08942147755435496
2022-11-30,-0.0014033560044431962,-0.0005266588163684955,0.0036416666666666667,0.5647584130779046,0.34296312758897507,0.09227845933312041
2022-12-31,0.025059694828155808,0.024627241821521408,0.003683333333333333,0.5689719803589341,0.3378212714694816,0.09320674817158435
2023-01-31,0.0022733944514800883,0.004548937353935992,0.003916666666666666,0.5618409281502832,0.34401054815943405,0.09414852369028281
2023-02-28,0.007905713616657678,0.00535803502677824,0.004066666666666666,0.5557816727725362,0.3528165385860805,0.09140178864138318
2023-03-31,0.025890686423736976,0.026152170329955808,0.0040416666666666665,0.5900188640209704,0.3257919751187205,0.08418916086030909
2023-04-30,-0.0010051500735075898,-0.0005596832199762764,0.0042499999999999994,0.5828439036231177,0.331534832311103,0.08562126406577934
2023-05-31,0.02436952282925097,0.023746849197100524,0.0046,0.6059802736617683,0.3110123549772623,0.08300737136096932
2023-06-30,0.023947745718148106,0.023393165408828732,0.0045249999999999995,0.5994030371736873,0.28633717060103725,0.1142597922252755
2023-07-31,-0.009172564934713577,-0.009256657312461385,0.004625,0.6632780718557537,0.2706768439092688,0.06604508423497746
2023-08-31,-0.018599411551820474,-0.020921716370754316,0.004633333333333333,0.6802203020501786,0.2567707934051814,0.06300890454464009
2023-09-30,-0.016945438147213637,-0.017499313287369284,0.004625,0.6226324214178209,0.2687490670824052,0.10861851149977378
2023-10-31,0.04401458500131679,0.04394988960221233,0.004658333333333333,0.6735903526371316,0.23157138512551112,0.0948382622373572
2023-11-30,0.04760032389897863,0.04696490432501421,0.004541666666666667,0.6767060495798279,0.22793396926552623,0.09535998115464583
2023-12-31,0.017507679919793528,0.014675353770821475,0.0045000000000000005,0.6785515623152703,0.22678067966283516,0.09466775802189464
2024-01-31,0.026448135509036012,0.019578433382555535,0.004516666666666666,0.7154290540593724,0.19665805690696925,0.0879128890336583
2024-02-29,0.03253397152335945,0.03044520017459558,0.004541666666666667,0.7160931299689672,0.19581404865752738,0.08809282137350535
2024-03-31,-0.010610168346310908,-0.013000610396818402,0.00455,0.7254658696612034,0.18948407841895695,0.08505005191983966
2024-04-30,0.0239785625782992,0.0229552589629478,0.00455,0.7492678526532017,0.1944885767720277,0.056243570574770474
2024-05-31,0.02975966045811594,0.02583280332473409,0.00455,0.747829545988286,0.1957199548934201,0.056450499118294056
2024-06-30,0.025723534445317133,0.026680784124004688,0.004566666666666667,0.7487993920332333,0.19481569966932027,0.0563849082974464
2024-07-31,-0.0006067404829681218,0.0037224775666161165,0.004508333333333334,0.743196322695072,0.17677656147836343,0.08002711582656459
2024-08-31,0.01278335806768689,0.013751435769294724,0.004341666666666666,0.7413948707374156,0.17655260772511264,0.08205252153747175
