published,omega_rho,omega_r,omega_n,omega_velocity_rho,omega_velocity_r,omega_velocity_n,coupling_rho,coupling_r,coupling_n,curvature_rho,curvature_r,curvature_n
velocity,-0.4147356625,-0.5843554514,5341,-0.6098140021,-0.6525448879,5089,-0.6485626884,-0.5735840347,4586,-0.1505314841,-0.2927930199,2067
acceleration,0.02434185134,-0.01595083917,5341,0.02314228545,-0.02537986802,5089,0.01667310567,0.0105423321,4586,-0.01129018331,-0.09635750427,2067
jerk_z,-0.01366966319,0.005627225296,5341,-0.01203991442,0.003621538256,5089,0.001240939574,-0.0001223051536,4586,0.008310037174,0.01645553509,2067
rii,0.2457086412,0.1041528577,5341,0.2179507574,0.05919731888,5089,-0.07877055781,-0.09027763775,4586,0.336892244,0.2519121936,2067
rii_posterior_entropy,-0.1107289707,-0.2193877539,5341,-0.09732084553,-0.2021243507,5089,0.02225368252,0.01840614546,4586,0.03166485287,-0.0422973709,2067
rii_confidence_deficit,-0.09610885971,-0.1799059256,5341,-0.07296262359,-0.167003722,5089,0.05615461274,0.0204103616,4586,0.03183525898,-0.02569193245,2067
rii_jerk,0.4421869605,0.3919967295,5341,0.4192684752,0.3269626622,5089,-0.003064308087,-0.02468964903,4586,0.7619518923,0.6218498306,2067
rii_vol_of_vol,0.7103269961,0.5159405187,5341,0.6643876953,0.3998278304,5089,0.07252378808,0.06034080974,4586,0.1384219021,0.1838734424,2067
rii_correlation_breakdown,0.09138186551,-5.216408622e-05,5341,0.02614401333,-0.005219928956,5089,-0.4188591184,-0.4225410467,4586,0.1289863253,0.05659761197,2067
rii_liquidity_stress,0.5825001877,0.5591621404,5341,0.6483417749,0.5812044003,5089,-0.1669095907,-0.2094405489,4586,0.4144422652,0.3470910237,2067
rii_credit_velocity,0.480298919,0.5243625306,632,0.4821820238,0.5244698713,632,-0.06696541419,-0.01147058244,632,0.2505680011,0.3013197133,632
