setting,question,arm,horizon,delta_r2_vs_a_prime,q_vs_a_prime,verdict_q1,verdict_q2,verdict_q3,verdict_q4,verdict_q5
shipped,Q2,B,5,0.1372154518,2.457149369e-05,,,,,
shipped,Q2,B,21,0.2473247751,0.0001782225027,,,,,
shipped,Q2,B,63,0.3369843388,0.004172015871,,,,,
shipped,Q1,B,1,-0.0006506889374,0.9999999713,,,,,
shipped,Q1,B,5,0.01132419068,0.4936078787,,,,,
shipped,Q1,B,21,-0.09927254067,0.9999999713,,,,,
shipped,Q1,B,63,0.01485597938,0.9999999713,,,,,
shipped,verdict,-,-1,,,FAILS,PASSES (arm B),FAILS,FAILS,"PASSES (arm B, 3/5 sub-periods)"
shuffled targets,Q2,B,5,0.001268541087,0.28862908,,,,,
shuffled targets,Q2,B,21,0.0006057429222,0.8153943805,,,,,
shuffled targets,Q2,B,63,0.0005285786346,0.8079281089,,,,,
shuffled targets,Q1,B,1,-0.0005288446852,0.9956352694,,,,,
shuffled targets,Q1,B,5,0.001311475036,0.6498711504,,,,,
shuffled targets,Q1,B,21,0.0003245592488,0.9556395045,,,,,
shuffled targets,Q1,B,63,0.001301069041,0.4923019294,,,,,
shuffled targets,verdict,-,-1,,,FAILS,FAILS,FAILS,FAILS,"PASSES (arm B, 3/5 sub-periods)"
coupling floor 40th pct,Q2,B,5,0.1372154518,2.457149369e-05,,,,,
coupling floor 40th pct,Q2,B,21,0.2473247751,0.0001782225027,,,,,
coupling floor 40th pct,Q2,B,63,0.3369843388,0.004172015871,,,,,
coupling floor 40th pct,Q1,B,1,-0.0006506889374,0.9999999713,,,,,
coupling floor 40th pct,Q1,B,5,0.01132419068,0.4936078787,,,,,
coupling floor 40th pct,Q1,B,21,-0.09927254067,0.9999999713,,,,,
coupling floor 40th pct,Q1,B,63,0.01485597938,0.9999999713,,,,,
coupling floor 40th pct,verdict,-,-1,,,FAILS,PASSES (arm B),FAILS,FAILS,"PASSES (arm B, 3/5 sub-periods)"
winsorize 5/95,Q2,B,5,0.1372154518,2.457149369e-05,,,,,
winsorize 5/95,Q2,B,21,0.2473247751,0.0001782225027,,,,,
winsorize 5/95,Q2,B,63,0.3369843388,0.004172015871,,,,,
winsorize 5/95,Q1,B,1,-0.0006506889374,0.9999999713,,,,,
winsorize 5/95,Q1,B,5,0.01132419068,0.4936078787,,,,,
winsorize 5/95,Q1,B,21,-0.09927254067,0.9999999713,,,,,
winsorize 5/95,Q1,B,63,0.01485597938,0.9999999713,,,,,
winsorize 5/95,verdict,-,-1,,,FAILS,PASSES (arm B),FAILS,FAILS,"PASSES (arm B, 3/5 sub-periods)"
curvature weights fitted,Q2,B,5,0.1372154518,2.457149369e-05,,,,,
curvature weights fitted,Q2,B,21,0.2473247751,0.0001782225027,,,,,
curvature weights fitted,Q2,B,63,0.3369843388,0.004172015871,,,,,
curvature weights fitted,Q1,B,1,-0.0006506889374,0.9999999713,,,,,
curvature weights fitted,Q1,B,5,0.01132419068,0.4936078787,,,,,
curvature weights fitted,Q1,B,21,-0.09927254067,0.9999999713,,,,,
curvature weights fitted,Q1,B,63,0.01485597938,0.9999999713,,,,,
curvature weights fitted,verdict,-,-1,,,FAILS,PASSES (arm B),FAILS,FAILS,"PASSES (arm B, 3/5 sub-periods)"
curvature baseline 5y,Q2,B,5,0.1372154518,3.276199159e-05,,,,,
curvature baseline 5y,Q2,B,21,0.2473247751,0.0002178275034,,,,,
curvature baseline 5y,Q2,B,63,0.3369843388,0.00389388148,,,,,
curvature baseline 5y,Q1,B,1,-0.0006506889374,0.9999999713,,,,,
curvature baseline 5y,Q1,B,5,0.01132419068,0.4292242424,,,,,
curvature baseline 5y,Q1,B,21,-0.09927254067,0.9999999713,,,,,
curvature baseline 5y,Q1,B,63,0.01485597938,0.9999999713,,,,,
curvature baseline 5y,verdict,-,-1,,,FAILS,PASSES (arm B),FAILS,FAILS,"PASSES (arm B, 3/5 sub-periods)"
omega without liquidity_stress,Q2,B,5,0.1602192521,0.0001363086373,,,,,
omega without liquidity_stress,Q2,B,21,0.250766216,0.001462265403,,,,,
omega without liquidity_stress,Q2,B,63,0.3370181768,0.007419183682,,,,,
omega without liquidity_stress,Q1,B,1,-0.0008996371923,0.9999999713,,,,,
omega without liquidity_stress,Q1,B,5,0.01021517092,0.6120150574,,,,,
omega without liquidity_stress,Q1,B,21,-0.1124439682,0.9999999713,,,,,
omega without liquidity_stress,Q1,B,63,-0.0142038508,0.9999999713,,,,,
omega without liquidity_stress,verdict,-,-1,,,FAILS,PASSES (arm B),FAILS,FAILS,"PASSES (arm B, 3/5 sub-periods)"
