,question,arm,horizon,oos_r2,n,delta_r2_vs_a,p_vs_a,n_vs_a,delta_r2_vs_a_prime,n_vs_a_prime,p_vs_a_prime,t_vs_a_prime,lag_vs_a_prime,t_vs_a,lag_vs_a,q_vs_a,q_vs_a_prime
0,Q1,A,1,-0.003574243586,5345,,,,-0.002116463528,5345,0.9362750653,-1.524235594,10,,,,0.9956352694
1,Q1,A_prime,1,-0.001457780058,5345,0.002116463528,0.06372493472,5345,,,,,,1.524235594,10,0.4923019294,
2,Q1,B,1,-0.002249782916,5279,0.00135322821,0.02250006528,5279,-0.0005288446852,5279,0.6659289243,-0.4286991883,10,2.004653241,10,0.28862908,0.9956352694
3,Q1,C,1,-0.002751690118,5028,0.0004839786783,0.2559705669,5028,-0.001038230046,5028,0.7529713488,-0.6838699319,10,0.6558181548,10,0.8079281089,0.9956352694
4,Q1,D,1,-0.002483414999,4524,0.0003239115479,0.2971160476,4524,-0.0002307333143,4524,0.5221564322,-0.05556652112,10,0.5327132464,10,0.8153943805,0.9956352694
5,Q1,E,1,-0.01502117765,4524,-0.0122138511,0.9915064796,4524,-0.01276849596,4524,0.9917076277,-2.395786561,10,-2.386988109,10,0.9956352694,0.9956352694
6,Q1,A,5,-0.004582279242,5345,,,,0.001831336975,5345,0.07516183739,1.438389131,10,,,,0.4923019294
7,Q1,A_prime,5,-0.006413616217,5345,-0.001831336975,0.9248381626,5345,,,,,,-1.438389131,10,0.9956352694,
8,Q1,B,5,-0.005087848007,5279,-0.0004803769128,0.825450299,5279,0.001311475036,5279,0.1485419772,1.04270713,10,-0.936337586,10,0.9956352694,0.6498711504
9,Q1,C,5,-0.002326111212,5028,0.001544768244,0.008461737414,5028,0.003242456459,5028,0.007154754077,2.44939838,10,2.388366082,10,0.1974405396,0.1974405396
10,Q1,D,5,-0.004711237443,4524,-0.001453310631,0.8575032425,4524,-0.0007941216724,4524,0.6943714802,-0.5082799349,10,-1.069169022,10,0.9956352694,0.9956352694
11,Q1,E,5,-0.008676065791,4524,-0.005418138979,0.9868329247,4524,-0.00475895002,4524,0.9681361577,-1.854080216,10,-2.221248267,10,0.9956352694,0.9956352694
12,Q1,A,21,-0.002366754527,5324,,,,0.001085820496,5324,0.1931988595,0.8661685835,20,,,,0.7144458409
13,Q1,A_prime,21,-0.003452575024,5324,-0.001085820496,0.8068011405,5324,,,,,,-0.8661685835,20,0.9956352694,
14,Q1,B,21,-0.003052805116,5258,-0.0006937961168,0.9881806145,5258,0.0003245592488,5258,0.3988969574,0.2562032298,20,-2.262950009,20,0.9956352694,0.9556395045
15,Q1,C,21,-0.02443684401,5006,-0.02246979751,0.9884377313,5006,-0.02177634763,5006,0.9851646727,-2.174459356,20,-2.271370852,20,0.9956352694,0.9956352694
16,Q1,D,21,-0.04029509161,4503,-0.03835605177,0.9747764999,4503,-0.0375138818,4503,0.9726110313,-1.920633432,20,-1.95615413,20,0.9956352694,0.9956352694
17,Q1,E,21,-0.004873090822,4503,-0.002934050976,0.9468363038,4503,-0.002091881013,4503,0.8367501896,-0.9811888515,20,-1.6149229,20,0.9956352694,0.9956352694
18,Q1,A,63,-0.00248655536,5282,,,,0.001222725263,5282,0.08956543756,1.343435881,62,,,,0.4923019294
19,Q1,A_prime,63,-0.003709280624,5282,-0.001222725263,0.9104345624,5282,,,,,,-1.343435881,62,0.9956352694,
20,Q1,B,63,-0.00251075702,5216,4.841750386e-05,0.4522364196,5216,0.001301069041,5216,0.09846038588,1.290374182,62,0.1200130135,62,0.9956352694,0.4923019294
21,Q1,C,63,-0.001317628547,4964,0.0008991613735,0.06027390222,4964,0.002086437497,4964,0.02473963543,1.964438421,62,1.552478369,62,0.4923019294,0.28862908
22,Q1,D,63,-0.01275424179,4460,-0.01021364142,0.9396660672,4460,-0.009000617204,4460,0.9152529429,-1.37383113,62,-1.551976421,62,0.9956352694,0.9956352694
23,Q1,E,63,-0.002206760032,4460,0.0003338403388,0.4032776884,4460,0.001546864556,4460,0.1635224776,0.9800833944,62,0.2448722141,62,0.9556395045,0.6733278491
