,question,arm,horizon,auc,brier,delta_auc_vs_a,delta_auc_vs_a_prime,base_rate,n,p_auc_vs_a,p_auc_vs_a_prime,z_auc_vs_a_prime,z_auc_vs_a
0,Q3,A,1,0.4089128191,0.002990726913,0,-0.1617633258,0.002994011976,5345,,0.9878496706,-2.252342145,
1,Q3,A_prime,1,0.5706761449,0.002991923949,0.1617633258,0,0.002994011976,5345,0.01215032938,,,2.252342145
2,Q3,B,1,0.4275634936,0.002841274783,0.0186506745,-0.1431126513,0.002841985601,5279,0.2382976683,0.9731131928,-1.928655739,0.7117891755
3,Q3,C,1,0.4537596245,0.002797122981,0.0448468054,-0.1169165204,0.002797202797,5006,0.3529120129,0.9569761637,-1.716625213,0.3774704428
4,Q3,D,1,0.3213646262,0.002410089444,-0.08754819289,-0.2493115187,0.002413709872,4144,0.2619990641,0.9925915483,-2.436823647,0.6371945484
5,Q3,E,1,0.3104040648,0.002410212347,-0.09850875423,-0.2602720801,0.002413709872,4144,0.3031551729,0.9969248541,-2.739659217,0.5153473084
6,Q3,A,5,0.4311881767,0.01528538096,0,-0.007380211865,0.01548046064,5302,,0.5948036497,-0.2399194522,
7,Q3,A_prime,5,0.4385683886,0.01531700995,0.007380211865,0,0.01548046064,5302,0.4051963503,,,0.2399194522
8,Q3,B,5,0.4390094156,0.01510784947,0.007821238953,0.0004410270872,0.01529344294,5236,0.2481272783,0.4997545251,0.0006153143079,0.6803947306
9,Q3,C,5,0.4638273142,0.01435585112,0.03263913754,0.02525892568,0.01453314752,5028,0.2337665509,0.3283270428,0.4445374134,0.726498704
10,Q3,D,5,0.439120372,0.01520691744,0.007932195289,0.0005519834239,0.01540584042,4354,0.7535516379,0.4415712915,0.1469866179,-0.685708851
11,Q3,E,5,0.429900939,0.01521184441,-0.001287237672,-0.008667449537,0.01540584042,4354,0.8930275903,0.526525688,-0.0665391068,-1.24279111
12,Q3,A,21,0.5026937471,0.05728075478,0,0.004548223855,0.06090891948,5324,,0.3832460672,0.2969664354,
13,Q3,A_prime,21,0.4981455233,0.05759826088,-0.004548223855,0,0.06090891948,5324,0.6167539328,,,-0.2969664354
14,Q3,B,21,0.4974775015,0.0574806869,-0.005216245599,-0.0006680217442,0.06110368532,5258,0.9074677521,0.5342540382,-0.08596791401,-1.325321636
15,Q3,C,21,0.4887436895,0.05736465314,-0.01395005763,-0.009401833775,0.06098294885,5006,0.83391631,0.764981843,-0.7224199678,-0.9697575036
16,Q3,D,21,0.4918689312,0.05790800399,-0.01082481592,-0.006276592067,0.06157965194,4503,0.9643834956,0.7740923971,-0.7523922502,-1.803989144
17,Q3,E,21,0.4898273343,0.05794264742,-0.01286641281,-0.008318188958,0.06157965194,4503,0.9262401913,0.7903028737,-0.8074726032,-1.448348474
18,Q3,A,63,0.4919308014,0.135964245,0,-0.005946921427,0.1619084116,5282,,0.7238173146,-0.594219412,
19,Q3,A_prime,63,0.4978777229,0.1373983266,0.005946921427,0,0.1619084116,5282,0.2761826854,,,0.594219412
20,Q3,B,63,0.4956438646,0.1360767424,0.003713063198,-0.002233858228,0.1618474675,5216,0.1220155057,0.5645168516,-0.162431208,1.164970309
21,Q3,C,63,0.4934625169,0.1350520771,0.001531715517,-0.004415205909,0.1601713936,4964,0.2063603201,0.4945036023,0.01377786183,0.819115288
22,Q3,D,63,0.5016585274,0.1355172726,0.009727725991,0.003780804565,0.1598817375,4460,0.2011112985,0.4055816385,0.2389255968,0.8376583761
23,Q3,E,63,0.4990276801,0.1346030903,0.00709687869,0.001149957264,0.1598817375,4460,0.2528969254,0.4885836305,0.02862050147,0.6654013044
