,sub_period,arm,cagr,volatility,sharpe,sortino,max_drawdown,calmar,hit_rate,turnover,cost_adjusted_cagr,break_even_bps,periods
0,2005-2009,A,0.0707032098,0.1803593072,0.4664079011,0.03539717116,-0.2790813576,0.2512474537,0.5510380623,5,0.07011848046,776.7768478,1156
1,2005-2009,A_prime,0.07389658277,0.1794010723,0.4797026109,0.03601408206,-0.2790813576,0.2593388996,0.5467128028,13,0.07237665217,308.6764108,1156
2,2005-2009,B,0.08648174509,0.1763894883,0.5482326072,0.04304731788,-0.2790813576,0.3026730065,0.5475778547,17,0.08447039355,265.9431705,1156
3,2005-2009,C,0.07775473201,0.1585711095,0.4649014546,0.02998880979,-0.2109916818,0.2984470201,0.4203539823,99,0.06296983871,31.71269251,904
4,2005-2009,D,0.05778126408,0.1772743582,0.4008172773,0.02748223542,-0.2044696336,0.2776839084,0.4563591022,3,0.05677792701,381.8902759,401
5,2005-2009,E,0.07290983352,0.1772096199,0.4775608286,0.03277935005,-0.2021748829,0.3523123456,0.4613466334,5,0.07122870721,274.3331551,401
6,2010-2014,A,0.0135501386,0.1944394385,0.1665689245,0.01189553924,-0.4436290462,0.03031664604,0.5476947536,1,0.01344934476,1621.807966,1258
7,2010-2014,A_prime,0.0135501386,0.1944394385,0.1665689245,0.01189553924,-0.4436290462,0.03031664604,0.5476947536,1,0.01344934476,1621.807966,1258
8,2010-2014,B,0.0135501386,0.1944394385,0.1665689245,0.01189553924,-0.4436290462,0.03031664604,0.5476947536,1,0.01344934476,1621.807966,1258
9,2010-2014,C,0.0135501386,0.1944394385,0.1665689245,0.01189553924,-0.4436290462,0.03031664604,0.5476947536,1,0.01344934476,1621.807966,1258
10,2010-2014,D,0.01494166202,0.1944151097,0.1725922495,0.01231930802,-0.4436290462,0.03299460553,0.5476947536,3,0.01463736538,563.3546657,1258
11,2010-2014,E,0.0135501386,0.1944394385,0.1665689245,0.01189553924,-0.4436290462,0.03031664604,0.5476947536,1,0.01344934476,1621.807966,1258
12,2015-2019,A,0.1600387312,0.1822644837,0.9054762023,0.06959823354,-0.2412516982,0.6628885657,0.5540540541,1,0.1599229922,8243.709517,1258
13,2015-2019,A_prime,0.1590377264,0.1822254425,0.8986882354,0.069035368,-0.2412516982,0.6568132723,0.5532591415,5,0.1584573174,1640.039187,1258
14,2015-2019,B,0.1600387312,0.1822644837,0.9054762023,0.06959823354,-0.2412516982,0.6628885657,0.5540540541,1,0.1599229922,8243.709517,1258
15,2015-2019,C,0.1620341071,0.182223045,0.9139738597,0.07020101528,-0.2412516982,0.6701903205,0.5540540541,3,0.161684553,2776.378988,1258
16,2015-2019,D,0.1600387312,0.1822644837,0.9054762023,0.06959823354,-0.2412516982,0.6628885657,0.5540540541,1,0.1599229922,8243.709517,1258
17,2015-2019,E,0.1600387312,0.1822644837,0.9054762023,0.06959823354,-0.2412516982,0.6628885657,0.5540540541,1,0.1599229922,8243.709517,1258
18,2020-2024,A,0.01789476698,0.2020942066,0.1881262366,0.01359609591,-0.4949661275,0.03553680976,0.5429252782,3,0.01758951711,637.6479092,1258
19,2020-2024,A_prime,0.01831844747,0.2020805266,0.1892048619,0.01367088138,-0.4949661275,0.03598519052,0.5429252782,5,0.0178114504,386.7392825,1258
20,2020-2024,B,0.04784755285,0.2044215991,0.3290995888,0.02369184813,-0.4322927975,0.1094061024,0.5478187919,5,0.04729547008,641.4434647,1192
21,2020-2024,C,0.05177852912,0.2013044966,0.3485822481,0.02470387628,-0.4322927975,0.1179809887,0.5302013423,7,0.05100233166,479.1725587,1192
22,2020-2024,D,0.04729634617,0.2042085179,0.3235585076,0.02322452151,-0.4322927975,0.1066023997,0.5453020134,11,0.04608344959,289.1251686,1192
23,2020-2024,E,0.05150660732,0.2043511719,0.3441300009,0.02474332536,-0.4322927975,0.1168354767,0.5478187919,9,0.05050713509,374.6007752,1192
24,2025-,A,0.1922084199,0.2045879989,0.9587752741,0.08696190724,-0.2190989178,0.8755122272,0.524173028,1,0.1918237815,3064.067003,393
25,2025-,A_prime,0.1922084199,0.2045879989,0.9587752741,0.08696190724,-0.2190989178,0.8755122272,0.524173028,1,0.1918237815,3064.067003,393
26,2025-,B,0.1922084199,0.2045879989,0.9587752741,0.08696190724,-0.2190989178,0.8755122272,0.524173028,1,0.1918237815,3064.067003,393
27,2025-,C,0.1922084199,0.2045879989,0.9587752741,0.08696190724,-0.2190989178,0.8755122272,0.524173028,1,0.1918237815,3064.067003,393
28,2025-,D,0.1922084199,0.2045879989,0.9587752741,0.08696190724,-0.2190989178,0.8755122272,0.524173028,1,0.1918237815,3064.067003,393
29,2025-,E,0.1922084199,0.2045879989,0.9587752741,0.08696190724,-0.2190989178,0.8755122272,0.524173028,1,0.1918237815,3064.067003,393
