,target,sub_period,arm,horizon,oos_r2,n,delta_r2_vs_a_prime
0,forward_return,2005-2009,A,1,0.01283877445,1177,-0.002833232914
1,forward_return,2005-2009,A_prime,1,0.01567200737,1177,0
2,forward_return,2005-2009,B,1,0.01656777416,1177,0.0008957667894
3,forward_return,2005-2009,C,1,0.02112591566,926,0.005453908296
4,forward_return,2005-2009,D,1,0.008089199337,422,-0.007582808032
5,forward_return,2005-2009,E,1,0.006393784527,422,-0.009278222841
6,forward_return,2005-2009,A,5,-0.01254879143,1177,0.02625452056
7,forward_return,2005-2009,A_prime,5,-0.038803312,1177,0
8,forward_return,2005-2009,B,5,-0.0006188179188,1177,0.03818449408
9,forward_return,2005-2009,C,5,-0.05001907688,926,-0.01121576489
10,forward_return,2005-2009,D,5,-0.02430887222,422,0.01449443977
11,forward_return,2005-2009,E,5,-0.03260066069,422,0.006202651308
12,forward_return,2005-2009,A,21,-0.1332328755,1156,-0.03852825009
13,forward_return,2005-2009,A_prime,21,-0.0947046254,1156,0
14,forward_return,2005-2009,B,21,-0.2760336143,1156,-0.1813289889
15,forward_return,2005-2009,C,21,-0.277572643,904,-0.1828680176
16,forward_return,2005-2009,D,21,-1.561500645,401,-1.46679602
17,forward_return,2005-2009,E,21,-2.675397886,401,-2.58069326
18,forward_return,2005-2009,A,63,-1.708519493,1114,-0.08752600737
19,forward_return,2005-2009,A_prime,63,-1.620993485,1114,0
20,forward_return,2005-2009,B,63,-1.444308711,1114,0.1766847749
21,forward_return,2005-2009,C,63,-1.941977244,862,-0.3209837581
22,forward_return,2005-2009,D,63,-5.128672683,358,-3.507679198
23,forward_return,2005-2009,E,63,-6.672911238,358,-5.051917753
24,forward_return,2010-2014,A,1,-0.001182656652,1258,-0.000510330023
25,forward_return,2010-2014,A_prime,1,-0.0006723266291,1258,0
26,forward_return,2010-2014,B,1,-0.000620653616,1258,5.167301303e-05
27,forward_return,2010-2014,C,1,-0.01502674727,1258,-0.01435442064
28,forward_return,2010-2014,D,1,-0.002743992152,1258,-0.002071665522
29,forward_return,2010-2014,E,1,0.000355655901,1258,0.00102798253
30,forward_return,2010-2014,A,5,0.00495630213,1258,0.01821386447
31,forward_return,2010-2014,A_prime,5,-0.01325756234,1258,0
32,forward_return,2010-2014,B,5,0.01098003932,1258,0.02423760166
33,forward_return,2010-2014,C,5,0.004800532156,1258,0.0180580945
34,forward_return,2010-2014,D,5,-0.003220187018,1258,0.01003737532
35,forward_return,2010-2014,E,5,0.009414484575,1258,0.02267204692
36,forward_return,2010-2014,A,21,-0.01193588203,1258,0.01385021114
37,forward_return,2010-2014,A_prime,21,-0.02578609317,1258,0
38,forward_return,2010-2014,B,21,0.0006779017903,1258,0.02646399496
39,forward_return,2010-2014,C,21,0.02749956513,1258,0.0532856583
40,forward_return,2010-2014,D,21,-0.1129215407,1258,-0.08713544753
41,forward_return,2010-2014,E,21,-0.07821833195,1258,-0.05243223878
42,forward_return,2010-2014,A,63,-0.09798068071,1258,0.2741089992
43,forward_return,2010-2014,A_prime,63,-0.3720896799,1258,0
44,forward_return,2010-2014,B,63,-0.2151736001,1258,0.1569160798
45,forward_return,2010-2014,C,63,-0.2139012355,1258,0.1581884444
46,forward_return,2010-2014,D,63,-0.4702625024,1258,-0.09817282252
47,forward_return,2010-2014,E,63,-0.5678460657,1258,-0.1957563858
48,forward_return,2015-2019,A,1,-0.003446034177,1258,0.00329866533
49,forward_return,2015-2019,A_prime,1,-0.006744699508,1258,0
50,forward_return,2015-2019,B,1,-0.006661985036,1258,8.271447165e-05
51,forward_return,2015-2019,C,1,-0.01179420911,1258,-0.005049509607
52,forward_return,2015-2019,D,1,-0.009980386697,1258,-0.003235687189
53,forward_return,2015-2019,E,1,-0.006096461904,1258,0.0006482376035
54,forward_return,2015-2019,A,5,0.001930438714,1258,0.01112980453
55,forward_return,2015-2019,A_prime,5,-0.009199365816,1258,0
56,forward_return,2015-2019,B,5,-0.006519735658,1258,0.002679630158
57,forward_return,2015-2019,C,5,-0.03224645235,1258,-0.02304708653
58,forward_return,2015-2019,D,5,-0.02237681878,1258,-0.01317745296
59,forward_return,2015-2019,E,5,-0.007994639865,1258,0.00120472595
60,forward_return,2015-2019,A,21,-0.006092181077,1258,0.03338627577
61,forward_return,2015-2019,A_prime,21,-0.03947845684,1258,0
62,forward_return,2015-2019,B,21,-0.08044422269,1258,-0.04096576584
63,forward_return,2015-2019,C,21,-0.04451079594,1258,-0.005032339093
64,forward_return,2015-2019,D,21,-0.1530761346,1258,-0.1135976777
65,forward_return,2015-2019,E,21,-0.03798964007,1258,0.001488816776
66,forward_return,2015-2019,A,63,-0.03669075677,1258,0.1580713857
67,forward_return,2015-2019,A_prime,63,-0.1947621425,1258,0
68,forward_return,2015-2019,B,63,-0.2068298717,1258,-0.01206772925
69,forward_return,2015-2019,C,63,-0.001786927482,1258,0.192975215
70,forward_return,2015-2019,D,63,-0.3482490722,1258,-0.1534869297
71,forward_return,2015-2019,E,63,0.005312715244,1258,0.2000748577
72,forward_return,2020-2024,A,1,0.01042933366,1258,0.002612433676
73,forward_return,2020-2024,A_prime,1,0.007816899989,1258,0
74,forward_return,2020-2024,B,1,0.007389845496,1192,-0.0004270544924
75,forward_return,2020-2024,C,1,0.003194370635,1192,-0.004622529354
76,forward_return,2020-2024,D,1,0.008698174724,1192,0.0008812747354
77,forward_return,2020-2024,E,1,0.009608204287,1192,0.001791304298
78,forward_return,2020-2024,A,5,-0.002626613201,1258,0.006299256264
79,forward_return,2020-2024,A_prime,5,-0.008925869465,1258,0
80,forward_return,2020-2024,B,5,-0.02331970927,1192,-0.01439383981
81,forward_return,2020-2024,C,5,-0.02681679098,1192,-0.01789092151
82,forward_return,2020-2024,D,5,-0.01097752946,1192,-0.002051659999
83,forward_return,2020-2024,E,5,-0.009960935946,1192,-0.001035066481
84,forward_return,2020-2024,A,21,-0.007719017174,1258,0.0323235684
85,forward_return,2020-2024,A_prime,21,-0.04004258558,1258,0
86,forward_return,2020-2024,B,21,-0.1437939917,1192,-0.1037514061
87,forward_return,2020-2024,C,21,-0.05092424479,1192,-0.01088165921
88,forward_return,2020-2024,D,21,-0.07124498999,1192,-0.03120240441
89,forward_return,2020-2024,E,21,0.0314268208,1192,0.07146940637
90,forward_return,2020-2024,A,63,-0.01534957892,1258,0.1703603225
91,forward_return,2020-2024,A_prime,63,-0.1857099014,1258,0
92,forward_return,2020-2024,B,63,-0.5538629479,1192,-0.3681530465
93,forward_return,2020-2024,C,63,-0.05295672235,1192,0.1327531791
94,forward_return,2020-2024,D,63,-0.3376405305,1192,-0.1519306291
95,forward_return,2020-2024,E,63,-0.01177600306,1192,0.1739338984
96,forward_return,2025-,A,1,0.008236446349,394,-0.0003694782651
97,forward_return,2025-,A_prime,1,0.008605924614,394,0
98,forward_return,2025-,B,1,0.003502717671,394,-0.005103206943
99,forward_return,2025-,C,1,0.005997554366,394,-0.002608370248
100,forward_return,2025-,D,1,0.009001455249,394,0.0003955306355
101,forward_return,2025-,E,1,0.008626158703,394,2.023408918e-05
102,forward_return,2025-,A,5,0.002387838431,394,-0.001059127299
103,forward_return,2025-,A_prime,5,0.00344696573,394,0
104,forward_return,2025-,B,5,-0.01498240418,394,-0.01842936991
105,forward_return,2025-,C,5,0.01503713929,394,0.01159017356
106,forward_return,2025-,D,5,0.001521562105,394,-0.001925403624
107,forward_return,2025-,E,5,0.001668376636,394,-0.001778589094
108,forward_return,2025-,A,21,-0.004787907252,394,0.008885046882
109,forward_return,2025-,A_prime,21,-0.01367295413,394,0
110,forward_return,2025-,B,21,-0.042185057,394,-0.02851210287
111,forward_return,2025-,C,21,0.03937668439,394,0.05304963852
112,forward_return,2025-,D,21,-0.004940564779,394,0.008732389355
113,forward_return,2025-,E,21,0.05728029005,394,0.07095324418
114,forward_return,2025-,A,63,0.06737878049,394,0.04391773698
115,forward_return,2025-,A_prime,63,0.02346104352,394,0
116,forward_return,2025-,B,63,-0.05115863462,394,-0.07461967813
117,forward_return,2025-,C,63,0.168629367,394,0.1451683235
118,forward_return,2025-,D,63,-0.01313887497,394,-0.03659991849
119,forward_return,2025-,E,63,0.211991949,394,0.1885309055
120,forward_vol,2005-2009,A,5,0.4758200193,1177,-0.04150824921
121,forward_vol,2005-2009,A_prime,5,0.5173282685,1177,0
122,forward_vol,2005-2009,B,5,0.6212701863,1177,0.1039419178
123,forward_vol,2005-2009,C,5,0.692843241,926,0.1755149725
124,forward_vol,2005-2009,D,5,0.1148673342,422,-0.4024609343
125,forward_vol,2005-2009,E,5,0.3487021279,422,-0.1686261405
126,forward_vol,2005-2009,A,21,0.371256381,1156,-0.06673668163
127,forward_vol,2005-2009,A_prime,21,0.4379930627,1156,0
128,forward_vol,2005-2009,B,21,0.6209793981,1156,0.1829863354
129,forward_vol,2005-2009,C,21,0.5484436392,904,0.1104505765
130,forward_vol,2005-2009,D,21,-0.447639239,401,-0.8856323016
131,forward_vol,2005-2009,E,21,-0.8872486646,401,-1.325241727
132,forward_vol,2005-2009,A,63,-0.3381341639,1114,-0.3258064868
133,forward_vol,2005-2009,A_prime,63,-0.01232767706,1114,0
134,forward_vol,2005-2009,B,63,0.3120799937,1114,0.3244076708
135,forward_vol,2005-2009,C,63,-0.3689346052,862,-0.3566069282
136,forward_vol,2005-2009,D,63,-9.793509531,358,-9.781181853
137,forward_vol,2005-2009,E,63,-15.20781335,358,-15.19548567
138,forward_vol,2010-2014,A,5,0.4219204956,1258,0.04468596207
139,forward_vol,2010-2014,A_prime,5,0.3772345335,1258,0
140,forward_vol,2010-2014,B,5,0.4792099842,1258,0.1019754507
141,forward_vol,2010-2014,C,5,0.5766915045,1258,0.199456971
142,forward_vol,2010-2014,D,5,0.5940717334,1258,0.2168371999
143,forward_vol,2010-2014,E,5,0.6644373128,1258,0.2872027793
144,forward_vol,2010-2014,A,21,0.3300035834,1258,0.1720196088
145,forward_vol,2010-2014,A_prime,21,0.1579839746,1258,0
146,forward_vol,2010-2014,B,21,0.5034868952,1258,0.3455029207
147,forward_vol,2010-2014,C,21,0.5742879954,1258,0.4163040209
148,forward_vol,2010-2014,D,21,0.6714880886,1258,0.5135041141
149,forward_vol,2010-2014,E,21,0.7375259689,1258,0.5795419944
150,forward_vol,2010-2014,A,63,0.3692270338,1258,0.3629195297
151,forward_vol,2010-2014,A_prime,63,0.006307504087,1258,0
152,forward_vol,2010-2014,B,63,0.5096219573,1258,0.5033144533
153,forward_vol,2010-2014,C,63,0.5655501109,1258,0.5592426068
154,forward_vol,2010-2014,D,63,0.6515060463,1258,0.6451985422
155,forward_vol,2010-2014,E,63,0.628101449,1258,0.6217939449
156,forward_vol,2015-2019,A,5,0.3008562462,1258,-0.01674753055
157,forward_vol,2015-2019,A_prime,5,0.3176037768,1258,0
158,forward_vol,2015-2019,B,5,0.4340401001,1258,0.1164363233
159,forward_vol,2015-2019,C,5,0.4890810925,1258,0.1714773157
160,forward_vol,2015-2019,D,5,0.4717879524,1258,0.1541841756
161,forward_vol,2015-2019,E,5,0.510901854,1258,0.1932980772
162,forward_vol,2015-2019,A,21,0.07143748331,1258,-0.003576379795
163,forward_vol,2015-2019,A_prime,21,0.0750138631,1258,0
164,forward_vol,2015-2019,B,21,0.4415748304,1258,0.3665609673
165,forward_vol,2015-2019,C,21,0.4749821527,1258,0.3999682896
166,forward_vol,2015-2019,D,21,0.4471393826,1258,0.3721255195
167,forward_vol,2015-2019,E,21,0.5464816144,1258,0.4714677513
168,forward_vol,2015-2019,A,63,-0.1908251697,1258,0.01036148996
169,forward_vol,2015-2019,A_prime,63,-0.2011866596,1258,0
170,forward_vol,2015-2019,B,63,0.141220937,1258,0.3424075966
171,forward_vol,2015-2019,C,63,0.1712170834,1258,0.372403743
172,forward_vol,2015-2019,D,63,0.154611228,1258,0.3557978876
173,forward_vol,2015-2019,E,63,0.2537233239,1258,0.4549099836
174,forward_vol,2020-2024,A,5,-0.1303649653,1258,-0.2499048717
175,forward_vol,2020-2024,A_prime,5,0.1195399064,1258,0
176,forward_vol,2020-2024,B,5,0.298314919,1192,0.1787750126
177,forward_vol,2020-2024,C,5,0.3388873593,1192,0.2193474529
178,forward_vol,2020-2024,D,5,0.2151710394,1192,0.09563113296
179,forward_vol,2020-2024,E,5,0.3191786964,1192,0.19963879
180,forward_vol,2020-2024,A,21,-0.336825495,1258,-0.3230596474
181,forward_vol,2020-2024,A_prime,21,-0.01376584763,1258,0
182,forward_vol,2020-2024,B,21,0.1897804809,1192,0.2035463285
183,forward_vol,2020-2024,C,21,0.1298677704,1192,0.143633618
184,forward_vol,2020-2024,D,21,0.1045992795,1192,0.1183651271
185,forward_vol,2020-2024,E,21,0.1923381972,1192,0.2061040449
186,forward_vol,2020-2024,A,63,-0.4478247931,1258,-0.2960644038
187,forward_vol,2020-2024,A_prime,63,-0.1517603892,1258,0
188,forward_vol,2020-2024,B,63,-0.02611499504,1192,0.1256453942
189,forward_vol,2020-2024,C,63,-0.03939451535,1192,0.1123658739
190,forward_vol,2020-2024,D,63,-0.1464820561,1192,0.005278333157
191,forward_vol,2020-2024,E,63,-0.07458923709,1192,0.07717115214
192,forward_vol,2025-,A,5,-0.07644354389,394,-0.1120567986
193,forward_vol,2025-,A_prime,5,0.03561325469,394,0
194,forward_vol,2025-,B,5,0.1858157955,394,0.1502025408
195,forward_vol,2025-,C,5,0.2128118968,394,0.1771986422
196,forward_vol,2025-,D,5,0.2734713551,394,0.2378581004
197,forward_vol,2025-,E,5,0.2690097677,394,0.233396513
198,forward_vol,2025-,A,21,-0.1822892846,394,-0.1054667084
199,forward_vol,2025-,A_prime,21,-0.07682257616,394,0
200,forward_vol,2025-,B,21,0.09371726246,394,0.1705398386
201,forward_vol,2025-,C,21,0.1076427012,394,0.1844652773
202,forward_vol,2025-,D,21,0.2437774064,394,0.3205999826
203,forward_vol,2025-,E,21,0.1942687259,394,0.2710913021
204,forward_vol,2025-,A,63,-0.2450149798,394,0.05827953601
205,forward_vol,2025-,A_prime,63,-0.3032945158,394,0
206,forward_vol,2025-,B,63,-0.138776302,394,0.1645182137
207,forward_vol,2025-,C,63,-0.122576103,394,0.1807184127
208,forward_vol,2025-,D,63,0.09657114898,394,0.3998656647
209,forward_vol,2025-,E,63,0.03741557617,394,0.3407100919
